ID,Site,Latitude,Longitude,Month,Year,Leaf litterfall,StartDate,EndDate,Source,Name,,,,,,,,,,,,,,,,,,,,,,,,,,,,,,,,
Site_1,Caxcontrol (CAX-03),-1.7563,-51.4122,1,2002,0.204425807,1/1/2002,31/1/2002,Rowland et al. 2018,CAX-03,,,,,,,,,,,,,,,,,,,,,,,,,,,,,,,,
Site_1,Caxcontrol (CAX-03),-1.7563,-51.4122,2,2002,0.138717857,1/2/2002,28/2/2002,Rowland et al. 2018,CAX-03,,,,,,,,,,,,,,,,,,,,,,,,,,,,,,,,
Site_1,Caxcontrol (CAX-03),-1.7563,-51.4122,3,2002,0.11232,1/3/2002,31/3/2002,Rowland et al. 2018,CAX-03,,,,,,,,,,,,,,,,,,,,,,,,,,,,,,,,
Site_1,Caxcontrol (CAX-03),-1.7563,-51.4122,4,2002,0.178017857,1/4/2002,30/4/2002,Rowland et al. 2018,CAX-03,,,,,,,,,,,,,,,,,,,,,,,,,,,,,,,,
Site_1,Caxcontrol (CAX-03),-1.7563,-51.4122,5,2002,0.322565625,1/5/2002,31/5/2002,Rowland et al. 2018,CAX-03,,,,,,,,,,,,,,,,,,,,,,,,,,,,,,,,
Site_1,Caxcontrol (CAX-03),-1.7563,-51.4122,6,2003,0.4143725,1/6/2003,30/6/2003,Rowland et al. 2018,CAX-03,,,,,,,,,,,,,,,,,,,,,,,,,,,,,,,,
Site_1,Caxcontrol (CAX-03),-1.7563,-51.4122,7,2002,0.553578,1/7/2002,31/7/2002,Rowland et al. 2018,CAX-03,,,,,,,,,,,,,,,,,,,,,,,,,,,,,,,,
Site_1,Caxcontrol (CAX-03),-1.7563,-51.4122,8,2002,0.424211029,1/8/2002,31/8/2002,Rowland et al. 2018,CAX-03,,,,,,,,,,,,,,,,,,,,,,,,,,,,,,,,
Site_1,Caxcontrol (CAX-03),-1.7563,-51.4122,9,2003,0.193955625,1/9/2003,30/9/2003,Rowland et al. 2018,CAX-03,,,,,,,,,,,,,,,,,,,,,,,,,,,,,,,,
Site_1,Caxcontrol (CAX-03),-1.7563,-51.4122,10,2002,0.19775875,1/10/2002,31/10/2002,Rowland et al. 2018,CAX-03,,,,,,,,,,,,,,,,,,,,,,,,,,,,,,,,
Site_1,Caxcontrol (CAX-03),-1.7563,-51.4122,11,2002,0.170893965,1/11/2002,30/11/2002,Rowland et al. 2018,CAX-03,,,,,,,,,,,,,,,,,,,,,,,,,,,,,,,,
Site_1,Caxcontrol (CAX-03),-1.7563,-51.4122,12,2002,0.186970313,1/12/2002,31/12/2002,Rowland et al. 2018,CAX-03,,,,,,,,,,,,,,,,,,,,,,,,,,,,,,,,
Site_2,Embrapa Amazônia Ocidental,-2.893859,-59.978524,1,1998,0.343858891,1/1/1998,31/1/1998,Martius et al. 2004,EAO,,,,,,,,,,,,,,,,,,,,,,,,,,,,,,,,
Site_2,Embrapa Amazônia Ocidental,-2.893859,-59.978524,2,1998,0.263036916,1/2/1998,28/2/1998,Martius et al. 2004,EAO,,,,,,,,,,,,,,,,,,,,,,,,,,,,,,,,
Site_2,Embrapa Amazônia Ocidental,-2.893859,-59.978524,3,1998,0.262686424,1/3/1998,31/3/1998,Martius et al. 2004,EAO,,,,,,,,,,,,,,,,,,,,,,,,,,,,,,,,
Site_2,Embrapa Amazônia Ocidental,-2.893859,-59.978524,4,1998,0.273806137,1/4/1998,30/4/1998,Martius et al. 2004,EAO,,,,,,,,,,,,,,,,,,,,,,,,,,,,,,,,
Site_2,Embrapa Amazônia Ocidental,-2.893859,-59.978524,5,1998,0.254298626,1/5/1998,31/5/1998,Martius et al. 2004,EAO,,,,,,,,,,,,,,,,,,,,,,,,,,,,,,,,
Site_2,Embrapa Amazônia Ocidental,-2.893859,-59.978524,6,1998,0.336943879,1/6/1998,30/6/1998,Martius et al. 2004,EAO,,,,,,,,,,,,,,,,,,,,,,,,,,,,,,,,
Site_2,Embrapa Amazônia Ocidental,-2.893859,-59.978524,7,1998,0.463022512,1/7/1998,31/7/1998,Martius et al. 2004,EAO,,,,,,,,,,,,,,,,,,,,,,,,,,,,,,,,
Site_2,Embrapa Amazônia Ocidental,-2.893859,-59.978524,8,1998,0.474191738,1/8/1998,31/8/1998,Martius et al. 2004,EAO,,,,,,,,,,,,,,,,,,,,,,,,,,,,,,,,
Site_2,Embrapa Amazônia Ocidental,-2.893859,-59.978524,9,1998,0.289950367,1/9/1998,30/9/1998,Martius et al. 2004,EAO,,,,,,,,,,,,,,,,,,,,,,,,,,,,,,,,
Site_2,Embrapa Amazônia Ocidental,-2.893859,-59.978524,10,1998,0.299822954,1/10/1998,31/10/1998,Martius et al. 2004,EAO,,,,,,,,,,,,,,,,,,,,,,,,,,,,,,,,
Site_2,Embrapa Amazônia Ocidental,-2.893859,-59.978524,11,1998,0.328827353,1/11/1998,30/11/1998,Martius et al. 2004,EAO,,,,,,,,,,,,,,,,,,,,,,,,,,,,,,,,
Site_2,Embrapa Amazônia Ocidental,-2.893859,-59.978524,12,1998,0.18542098,1/12/1998,31/12/1998,Martius et al. 2004,EAO,,,,,,,,,,,,,,,,,,,,,,,,,,,,,,,,
Site_4,Forest reserve Mabura hill - Alluvial,5.15,-58.703,1,1996,0.129658835,1/1/1997,31/1/1997,Thomas 1999,Mabura,,,,,,,,,,,,,,,,,,,,,,,,,,,,,,,,
Site_4,Forest reserve Mabura hill - Alluvial,5.15,-58.703,2,1996,0.136076486,1/2/1997,28/2/1997,Thomas 1999,Mabura,,,,,,,,,,,,,,,,,,,,,,,,,,,,,,,,
Site_4,Forest reserve Mabura hill - Alluvial,5.15,-58.703,3,1996,0.132162554,1/3/1997,31/3/1997,Thomas 1999,Mabura,,,,,,,,,,,,,,,,,,,,,,,,,,,,,,,,
Site_4,Forest reserve Mabura hill - Alluvial,5.15,-58.703,4,1996,0.177246201,1/4/1997,30/4/1997,Thomas 1999,Mabura,,,,,,,,,,,,,,,,,,,,,,,,,,,,,,,,
Site_4,Forest reserve Mabura hill - Alluvial,5.15,-58.703,5,1996,0.108473286,1/5/1997,31/5/1997,Thomas 1999,Mabura,,,,,,,,,,,,,,,,,,,,,,,,,,,,,,,,
Site_4,Forest reserve Mabura hill - Alluvial,5.15,-58.703,6,1996,0.129153056,1/6/1997,30/6/1997,Thomas 1999,Mabura,,,,,,,,,,,,,,,,,,,,,,,,,,,,,,,,
Site_4,Forest reserve Mabura hill - Alluvial,5.15,-58.703,7,1996,0.244528258,1/7/1997,31/7/1997,Thomas 1999,Mabura,,,,,,,,,,,,,,,,,,,,,,,,,,,,,,,,
Site_4,Forest reserve Mabura hill - Alluvial,5.15,-58.703,8,1996,0.209454222,1/8/1997,31/8/1997,Thomas 1999,Mabura,,,,,,,,,,,,,,,,,,,,,,,,,,,,,,,,
Site_4,Forest reserve Mabura hill - Alluvial,5.15,-58.703,9,1996,0.308250503,1/9/1997,30/9/1997,Thomas 1999,Mabura,,,,,,,,,,,,,,,,,,,,,,,,,,,,,,,,
Site_4,Forest reserve Mabura hill - Alluvial,5.15,-58.703,10,1996,0.207510195,1/10/1997,31/10/1997,Thomas 1999,Mabura,,,,,,,,,,,,,,,,,,,,,,,,,,,,,,,,
Site_4,Forest reserve Mabura hill - Alluvial,5.15,-58.703,11,1996,0.265013288,1/11/1997,30/11/1997,Thomas 1999,Mabura,,,,,,,,,,,,,,,,,,,,,,,,,,,,,,,,
Site_4,Forest reserve Mabura hill - Alluvial,5.15,-58.703,12,1996,0.149816525,1/12/1997,31/12/1997,Thomas 1999,Mabura,,,,,,,,,,,,,,,,,,,,,,,,,,,,,,,,
Site_5,JRI-01 (Jari 1),-0.9,-52.2,1,2005,0.335195531,1/1/2005,31/1/2005,Barlow et al. 2007,JRI-01,,,,,,,,,,,,,,,,,,,,,,,,,,,,,,,,
Site_5,JRI-01 (Jari 1),-0.9,-52.2,2,2005,0.194413408,1/2/2005,28/2/2005,Barlow et al. 2007,JRI-01,,,,,,,,,,,,,,,,,,,,,,,,,,,,,,,,
Site_5,JRI-01 (Jari 1),-0.9,-52.2,3,2005,0.19273743,1/3/2005,31/3/2005,Barlow et al. 2007,JRI-01,,,,,,,,,,,,,,,,,,,,,,,,,,,,,,,,
Site_5,JRI-01 (Jari 1),-0.9,-52.2,4,2005,0.167597765,1/4/2005,30/4/2005,Barlow et al. 2007,JRI-01,,,,,,,,,,,,,,,,,,,,,,,,,,,,,,,,
Site_5,JRI-01 (Jari 1),-0.9,-52.2,5,2005,0.177653631,1/5/2005,31/5/2005,Barlow et al. 2007,JRI-01,,,,,,,,,,,,,,,,,,,,,,,,,,,,,,,,
Site_5,JRI-01 (Jari 1),-0.9,-52.2,6,2004,0.226815642,1/6/2004,30/6/2004,Barlow et al. 2007,JRI-01,,,,,,,,,,,,,,,,,,,,,,,,,,,,,,,,
Site_5,JRI-01 (Jari 1),-0.9,-52.2,7,2004,0.26424581,1/7/2004,31/7/2004,Barlow et al. 2007,JRI-01,,,,,,,,,,,,,,,,,,,,,,,,,,,,,,,,
Site_5,JRI-01 (Jari 1),-0.9,-52.2,8,2004,0.452513966,1/8/2004,31/8/2004,Barlow et al. 2007,JRI-01,,,,,,,,,,,,,,,,,,,,,,,,,,,,,,,,
Site_5,JRI-01 (Jari 1),-0.9,-52.2,9,2004,0.543575419,1/9/2004,30/9/2004,Barlow et al. 2007,JRI-01,,,,,,,,,,,,,,,,,,,,,,,,,,,,,,,,
Site_5,JRI-01 (Jari 1),-0.9,-52.2,10,2004,0.577094972,1/10/2004,31/10/2004,Barlow et al. 2007,JRI-01,,,,,,,,,,,,,,,,,,,,,,,,,,,,,,,,
Site_6,JRI-01 (Jari 1),-0.9,-52.2,11,2004,0.430167598,1/11/2004,30/11/2004,Barlow et al. 2007,JRI-01,,,,,,,,,,,,,,,,,,,,,,,,,,,,,,,,
Site_6,JRI-01 (Jari 1),-0.9,-52.2,12,2004,0.359776536,1/12/2004,31/12/2004,Barlow et al. 2007,JRI-01,,,,,,,,,,,,,,,,,,,,,,,,,,,,,,,,
Site_6,Maus_K34 Plateau,-2.616,-60.146,1,2006,0.152,1/1/2006,31/1/2006,Wu et al. 2016,K34,,,,,,,,,,,,,,,,,,,,,,,,,,,,,,,,
Site_6,Maus_K34 Plateau,-2.616,-60.146,2,2006,0.1065,1/2/2006,28/2/2006,Wu et al. 2016,K34,,,,,,,,,,,,,,,,,,,,,,,,,,,,,,,,
Site_6,Maus_K34 Plateau,-2.616,-60.146,3,2006,0.1065,1/3/2006,31/3/2006,Wu et al. 2016,K34,,,,,,,,,,,,,,,,,,,,,,,,,,,,,,,,
Site_6,Maus_K34 Plateau,-2.616,-60.146,4,2006,0.137,1/4/2006,30/4/2006,Wu et al. 2016,K34,,,,,,,,,,,,,,,,,,,,,,,,,,,,,,,,
Site_6,Maus_K34 Plateau,-2.616,-60.146,5,2006,0.126,1/5/2006,31/5/2006,Wu et al. 2016,K34,,,,,,,,,,,,,,,,,,,,,,,,,,,,,,,,
Site_6,Maus_K34 Plateau,-2.616,-60.146,6,2006,0.2615,1/6/2006,30/6/2006,Wu et al. 2016,K34,,,,,,,,,,,,,,,,,,,,,,,,,,,,,,,,
Site_6,Maus_K34 Plateau,-2.616,-60.146,7,2006,0.471,1/7/2006,31/7/2006,Wu et al. 2016,K34,,,,,,,,,,,,,,,,,,,,,,,,,,,,,,,,
Site_6,Maus_K34 Plateau,-2.616,-60.146,8,2006,0.4555,1/8/2006,31/8/2006,Wu et al. 2016,K34,,,,,,,,,,,,,,,,,,,,,,,,,,,,,,,,
Site_6,Maus_K34 Plateau,-2.616,-60.146,9,2006,0.288,1/9/2006,30/9/2006,Wu et al. 2016,K34,,,,,,,,,,,,,,,,,,,,,,,,,,,,,,,,
Site_6,Maus_K34 Plateau,-2.616,-60.146,10,2006,0.223,1/10/2006,31/10/2006,Wu et al. 2016,K34,,,,,,,,,,,,,,,,,,,,,,,,,,,,,,,,
Site_6,Maus_K34 Plateau,-2.616,-60.146,11,2006,0.213,1/11/2006,30/11/2006,Wu et al. 2016,K34,,,,,,,,,,,,,,,,,,,,,,,,,,,,,,,,
Site_6,Maus_K34 Plateau,-2.616,-60.146,12,2006,0.128,1/12/2006,31/12/2006,Wu et al. 2016,K34,,,,,,,,,,,,,,,,,,,,,,,,,,,,,,,,
Site_8,Nouragues,4.08772778,-52.68027778,1,2002,0.23005386,1/1/2002,31/1/2002,Chave et al. 2008,Nouragues,,,,,,,,,,,,,,,,,,,,,,,,,,,,,,,,
Site_8,Nouragues,4.08772778,-52.68027778,2,2002,0.292633905,1/2/2002,28/2/2002,Chave et al. 2008,Nouragues,,,,,,,,,,,,,,,,,,,,,,,,,,,,,,,,
Site_8,Nouragues,4.08772778,-52.68027778,3,2002,0.296343752,1/3/2002,31/3/2002,Chave et al. 2008,Nouragues,,,,,,,,,,,,,,,,,,,,,,,,,,,,,,,,
Site_8,Nouragues,4.08772778,-52.68027778,4,2002,0.342262467,1/4/2002,30/4/2002,Chave et al. 2008,Nouragues,,,,,,,,,,,,,,,,,,,,,,,,,,,,,,,,
Site_8,Nouragues,4.08772778,-52.68027778,5,2002,0.306734377,1/5/2002,31/5/2002,Chave et al. 2008,Nouragues,,,,,,,,,,,,,,,,,,,,,,,,,,,,,,,,
Site_8,Nouragues,4.08772778,-52.68027778,6,2002,0.303340084,1/6/2002,30/6/2002,Chave et al. 2008,Nouragues,,,,,,,,,,,,,,,,,,,,,,,,,,,,,,,,
Site_8,Nouragues,4.08772778,-52.68027778,7,2002,0.555295278,1/7/2002,31/7/2002,Chave et al. 2008,Nouragues,,,,,,,,,,,,,,,,,,,,,,,,,,,,,,,,
Site_8,Nouragues,4.08772778,-52.68027778,8,2002,0.809127596,1/8/2002,31/8/2002,Chave et al. 2008,Nouragues,,,,,,,,,,,,,,,,,,,,,,,,,,,,,,,,
Site_8,Nouragues,4.08772778,-52.68027778,9,2002,0.604349205,1/9/2002,30/9/2002,Chave et al. 2008,Nouragues,,,,,,,,,,,,,,,,,,,,,,,,,,,,,,,,
Site_8,Nouragues,4.08772778,-52.68027778,10,2002,0.426019832,1/10/2002,31/10/2002,Chave et al. 2008,Nouragues,,,,,,,,,,,,,,,,,,,,,,,,,,,,,,,,
Site_8,Nouragues,4.08772778,-52.68027778,11,2002,0.323794457,1/11/2002,30/11/2002,Chave et al. 2008,Nouragues,,,,,,,,,,,,,,,,,,,,,,,,,,,,,,,,
Site_8,Nouragues,4.08772778,-52.68027778,12,2002,0.299874409,1/12/2002,31/12/2002,Chave et al. 2008,Nouragues,,,,,,,,,,,,,,,,,,,,,,,,,,,,,,,,
Site_9,Paracou,5.2742,-52.92367,1,2006,0.1567232,1/1/2006,31/1/2006,De Weirdt et al. 2012,Paracou,,,,,,,,,,,,,,,,,,,,,,,,,,,,,,,,
Site_9,Paracou,5.2742,-52.92367,2,2006,0.2602866,1/2/2006,28/2/2006,De Weirdt et al. 2012,Paracou,,,,,,,,,,,,,,,,,,,,,,,,,,,,,,,,
Site_9,Paracou,5.2742,-52.92367,3,2006,0.305327,1/3/2006,31/3/2006,De Weirdt et al. 2012,Paracou,,,,,,,,,,,,,,,,,,,,,,,,,,,,,,,,
Site_9,Paracou,5.2742,-52.92367,4,2006,0.1898815,1/4/2006,30/4/2006,De Weirdt et al. 2012,Paracou,,,,,,,,,,,,,,,,,,,,,,,,,,,,,,,,
Site_9,Paracou,5.2742,-52.92367,5,2006,0.1797648,1/5/2006,31/5/2006,De Weirdt et al. 2012,Paracou,,,,,,,,,,,,,,,,,,,,,,,,,,,,,,,,
Site_9,Paracou,5.2742,-52.92367,6,2006,0.2633047,1/6/2006,30/6/2006,De Weirdt et al. 2012,Paracou,,,,,,,,,,,,,,,,,,,,,,,,,,,,,,,,
Site_9,Paracou,5.2742,-52.92367,7,2006,0.425455,1/7/2006,31/7/2006,De Weirdt et al. 2012,Paracou,,,,,,,,,,,,,,,,,,,,,,,,,,,,,,,,
Site_9,Paracou,5.2742,-52.92367,8,2006,0.7765669,1/8/2006,31/8/2006,De Weirdt et al. 2012,Paracou,,,,,,,,,,,,,,,,,,,,,,,,,,,,,,,,
Site_9,Paracou,5.2742,-52.92367,9,2006,0.7363604,1/9/2006,30/9/2006,De Weirdt et al. 2012,Paracou,,,,,,,,,,,,,,,,,,,,,,,,,,,,,,,,
Site_9,Paracou,5.2742,-52.92367,10,2006,0.3674892,1/10/2006,31/10/2006,De Weirdt et al. 2012,Paracou,,,,,,,,,,,,,,,,,,,,,,,,,,,,,,,,
Site_9,Paracou,5.2742,-52.92367,11,2006,0.2996757,1/11/2006,30/11/2006,De Weirdt et al. 2012,Paracou,,,,,,,,,,,,,,,,,,,,,,,,,,,,,,,,
Site_9,Paracou,5.2742,-52.92367,12,2006,0.2318622,1/12/2006,31/12/2006,De Weirdt et al. 2012,Paracou,,,,,,,,,,,,,,,,,,,,,,,,,,,,,,,,
Site_10,PPBio 4,-9.87,-58.16,1,2013,0.08589384,1/1/2013,31/1/2013,Almeida et al. 2015,PPBio,,,,,,,,,,,,,,,,,,,,,,,,,,,,,,,,
Site_10,PPBio 4,-9.87,-58.16,2,2013,0.1334447,1/2/2013,28/2/2013,Almeida et al. 2015,PPBio,,,,,,,,,,,,,,,,,,,,,,,,,,,,,,,,
Site_10,PPBio 4,-9.87,-58.16,3,2013,0.1579497,1/3/2013,31/3/2013,Almeida et al. 2015,PPBio,,,,,,,,,,,,,,,,,,,,,,,,,,,,,,,,
Site_10,PPBio 4,-9.87,-58.16,4,2013,0.2622018,1/4/2013,30/4/2013,Almeida et al. 2015,PPBio,,,,,,,,,,,,,,,,,,,,,,,,,,,,,,,,
Site_10,PPBio 4,-9.87,-58.16,5,2013,0.261925,1/5/2013,31/5/2013,Almeida et al. 2015,PPBio,,,,,,,,,,,,,,,,,,,,,,,,,,,,,,,,
Site_10,PPBio 4,-9.87,-58.16,6,2013,0.5752111,1/6/2013,30/6/2013,Almeida et al. 2015,PPBio,,,,,,,,,,,,,,,,,,,,,,,,,,,,,,,,
Site_10,PPBio 4,-9.87,-58.16,7,2012,0.6792299,1/7/2012,31/7/2012,Almeida et al. 2015,PPBio,,,,,,,,,,,,,,,,,,,,,,,,,,,,,,,,
Site_10,PPBio 4,-9.87,-58.16,8,2012,0.6045483,1/8/2012,31/8/2012,Almeida et al. 2015,PPBio,,,,,,,,,,,,,,,,,,,,,,,,,,,,,,,,
Site_10,PPBio 4,-9.87,-58.16,9,2012,0.4359711,1/9/2012,30/9/2012,Almeida et al. 2015,PPBio,,,,,,,,,,,,,,,,,,,,,,,,,,,,,,,,
Site_10,PPBio 4,-9.87,-58.16,10,2012,0.2567725,1/10/2012,31/10/2012,Almeida et al. 2015,PPBio,,,,,,,,,,,,,,,,,,,,,,,,,,,,,,,,
Site_10,PPBio 4,-9.87,-58.16,11,2012,0.0828846,1/11/2012,30/11/2012,Almeida et al. 2015,PPBio,,,,,,,,,,,,,,,,,,,,,,,,,,,,,,,,
Site_10,PPBio 4,-9.87,-58.16,12,2012,0.08970187,1/12/2012,31/12/2012,Almeida et al. 2015,PPBio,,,,,,,,,,,,,,,,,,,,,,,,,,,,,,,,
Site_11,Tapajoskm83,-3.010873,-54.97015,1,2002,0.240565,1/1/2002,31/1/2002,Figueira et al. 2008 & 2011,K83,,,,,,,,,,,,,,,,,,,,,,,,,,,,,,,,
Site_11,Tapajoskm83,-3.010873,-54.97015,2,2002,0.1035276,1/2/2002,28/2/2002,Figueira et al. 2008 & 2011,K83,,,,,,,,,,,,,,,,,,,,,,,,,,,,,,,,
Site_11,Tapajoskm83,-3.010873,-54.97015,3,2002,0.09416871,1/3/2002,31/3/2002,Figueira et al. 2008 & 2011,K83,,,,,,,,,,,,,,,,,,,,,,,,,,,,,,,,
Site_11,Tapajoskm83,-3.010873,-54.97015,4,2002,0.08123466,1/4/2002,30/4/2002,Figueira et al. 2008 & 2011,K83,,,,,,,,,,,,,,,,,,,,,,,,,,,,,,,,
Site_11,Tapajoskm83,-3.010873,-54.97015,5,2002,0.0774,1/5/2002,31/5/2002,Figueira et al. 2008 & 2011,K83,,,,,,,,,,,,,,,,,,,,,,,,,,,,,,,,
Site_11,Tapajoskm83,-3.010873,-54.97015,6,2002,0.105184,1/6/2002,30/6/2002,Figueira et al. 2008 & 2011,K83,,,,,,,,,,,,,,,,,,,,,,,,,,,,,,,,
Site_11,Tapajoskm83,-3.010873,-54.97015,7,2002,0.1280926,1/7/2002,31/7/2002,Figueira et al. 2008 & 2011,K83,,,,,,,,,,,,,,,,,,,,,,,,,,,,,,,,
Site_11,Tapajoskm83,-3.010873,-54.97015,8,2002,0.3079325,1/8/2002,31/8/2002,Figueira et al. 2008 & 2011,K83,,,,,,,,,,,,,,,,,,,,,,,,,,,,,,,,
Site_11,Tapajoskm83,-3.010873,-54.97015,9,2002,0.4817512,1/9/2002,30/9/2002,Figueira et al. 2008 & 2011,K83,,,,,,,,,,,,,,,,,,,,,,,,,,,,,,,,
Site_11,Tapajoskm83,-3.010873,-54.97015,10,2002,0.3100914,1/10/2002,31/10/2002,Figueira et al. 2008 & 2011,K83,,,,,,,,,,,,,,,,,,,,,,,,,,,,,,,,
Site_11,Tapajoskm83,-3.010873,-54.97015,11,2002,0.2353224,1/11/2002,30/11/2002,Figueira et al. 2008 & 2011,K83,,,,,,,,,,,,,,,,,,,,,,,,,,,,,,,,
Site_11,Tapajoskm83,-3.010873,-54.97015,12,2002,0.1514209,1/12/2002,31/12/2002,Figueira et al. 2008 & 2011,K83,,,,,,,,,,,,,,,,,,,,,,,,,,,,,,,,
,,,,,,,,,,,,,,,,,,,,,,,,,,,,,,,,14,14.23150826,11,46.66666794,51,47.33333206,42.5,24.60890579,25.33333397,148.8990479,2.574451208
,,,,,,,,,,,,,,,,,,,,,,,,,,,,,,,,14,14.23150826,11,46.66666794,51,47.33333206,42.5,24.60890579,25.33333397,148.8990479,2.574451208
,,,,,,,,,,,,,,,,,,,,,,,,,,,,,,,,14,14.23150826,11,46.66666794,51,47.33333206,42.5,24.60890579,25.33333397,148.8990479,2.574451208
,,,,,,,,,,,,,,,,,,,,,,,,,,,,,,,,14,14.23150826,11,46.66666794,51,47.33333206,42.5,24.60890579,25.33333397,148.8990479,2.574451208
,,,,,,,,,,,,,,,,,,,,,,,,,,,,,,,,14,14.23150826,11,46.66666794,51,47.33333206,42.5,24.60890579,25.33333397,148.8990479,2.574451208
,,,,,,,,,,,,,,,,,,,,,,,,,,,,,,,,14,14.23150826,11,46.66666794,51,47.33333206,42.5,24.60890579,25.33333397,148.8990479,2.574451208
,,,,,,,,,,,,,,,,,,,,,,,,,,,,,,,,14,14.23150826,11,46.66666794,51,47.33333206,42.5,24.60890579,25.33333397,148.8990479,2.574451208
,,,,,,,,,,,,,,,,,,,,,,,,,,,,,,,,14,14.23150826,11,46.66666794,51,47.33333206,42.5,24.60890579,25.33333397,148.8990479,2.574451208
,,,,,,,,,,,,,,,,,,,,,,,,,,,,,,,,14,14.23150826,11,46.66666794,51,47.33333206,42.5,24.60890579,25.33333397,148.8990479,2.574451208
,,,,,,,,,,,,,,,,,,,,,,,,,,,,,,,,14,14.23150826,11,46.66666794,51,47.33333206,42.5,24.60890579,25.33333397,148.8990479,2.574451208
,,,,,,,,,,,,,,,,,,,,,,,,,,,,,,,,14,14.23150826,11,46.66666794,51,47.33333206,42.5,24.60890579,25.33333397,148.8990479,2.574451208
