DOY,GEP,GEP_smooth,Month
1,16.364610275234085,17.41835664331027,1
2,18.350312792531806,17.410791820435087,1
3,19.176180827338353,17.449719814284347,1
4,19.477676533627445,17.50783485806441,1
5,18.0674640478117,17.555189151752053,1
6,19.57568241914701,17.384791879975417,1
7,18.89608637536573,17.456266712385027,1
8,18.367917670362264,17.56939648260602,1
9,19.77722971435678,17.605575213468963,1
10,18.313658808396838,17.691852060348513,1
11,18.51649709798953,17.77747288661244,1
12,17.384416052816093,17.81563677441319,1
13,15.340131532645357,17.84882557449388,1
14,19.467774244335136,17.848323339841915,1
15,20.00590677883844,17.83252389020264,1
16,16.137665588978752,17.873274842234252,1
17,17.532450090711944,17.947336018341577,1
18,18.1080615886359,17.944459884589566,1
19,17.785239085863335,17.9736153806429,1
20,11.252692121935082,17.81692242285783,1
21,18.508855247522416,17.86308758649931,1
22,19.758503381863886,17.811636869272878,1
23,17.449972201122407,17.784891809067737,1
24,18.952915681620553,17.77423767495578,1
25,18.933235063151965,17.728497749492636,1
26,17.50952690925656,17.780806554915745,1
27,17.3602742776547,17.869108356828438,1
28,16.349543235675206,17.92037729057783,1
29,15.890626786055792,17.96831467987516,1
30,17.587138836182415,17.862365753550765,1
31,18.5864455584539,17.863913128669243,1
32,18.264028779971433,17.97277448525273,2
33,20.05084570893836,17.993773758279175,2
34,14.776887800075352,17.974316761636725,2
35,19.452418957056178,17.963077265364028,2
36,18.03216090235398,18.129909297637827,2
37,18.093734569211524,18.16819945652313,2
38,18.04829364700367,18.140063518649434,2
39,18.40503195046238,18.14395038259197,2
40,19.882922971090156,18.187624757223425,2
41,21.165551155370267,18.15864259875713,2
42,18.92248406529783,18.132298098253724,2
43,16.778253211565282,18.05726594858082,2
44,16.289306454603285,18.248870786180834,2
45,20.05232803239275,18.317916372162852,2
46,19.403506286483477,18.391180932777395,2
47,18.162428281505253,18.414512932724616,2
48,17.524351689362415,18.42415073876516,2
49,17.448054197682406,18.40088213421292,2
50,16.25765309014897,18.560162819834563,2
51,19.657560014081447,18.56533504337074,2
52,18.91442524565307,18.57956860756358,2
53,17.566578119398464,18.60993829475314,2
54,20.263146920564225,18.65613455715396,2
55,18.06377030916312,18.63166597500476,2
56,16.719191894154402,18.57487360812098,2
57,15.10930978746757,18.528640096431523,2
58,22.0976883636757,18.47511597011043,2
59,17.961994365516304,18.574891268990104,2
60,19.7850756546188,18.67981954054211,3
61,19.286405556870516,18.638759922943954,3
62,18.553162961187784,18.57977236646349,3
63,19.352787572371163,18.606014131085576,3
64,19.555308368724585,18.67498042742469,3
65,19.607585663141514,18.72773743560608,3
66,18.459167828139154,18.74615881793816,3
67,19.004825184898284,18.63306571992296,3
68,19.43418151902824,18.59915434882413,3
69,17.670974485986527,18.62956177879071,3
70,18.179151964576683,18.516075625782186,3
71,19.778545804686523,18.56784867237828,3
72,17.316760275665008,18.598648190162795,3
73,19.771512177955525,18.769773316021404,3
74,19.437154601163442,18.518748229986237,3
75,18.820539504448032,18.56649866289301,3
76,17.633879592069565,18.4270561765427,3
77,18.94968122016776,18.304170807339325,3
78,19.593340579535752,18.256739794685675,3
79,19.03076444312427,18.280212954167805,3
80,16.81029456011128,18.265349760366714,3
81,16.264767073625535,18.173644726063962,3
82,17.897084112688134,18.117359474688232,3
83,18.47880101839582,18.067319168892507,3
84,16.858562330308494,17.968460434865186,3
85,19.616961707046,18.01299479087535,3
86,17.643177427689842,17.96679132842768,3
87,20.24306356322577,17.88870177746397,3
88,14.566935782620813,17.91638182359494,3
89,19.394507352719476,17.722867656007928,3
90,15.601801064109491,17.66005816617299,3
91,15.599844480769278,17.509786709562967,4
92,17.13023258157827,17.49761577508265,4
93,20.056982356835107,17.465452182678284,4
94,19.109412554691836,17.380572664884475,4
95,16.856434634058843,17.29795708490266,4
96,16.77061028686731,17.299468772440072,4
97,17.50361601102658,17.357720101132053,4
98,16.4684194982086,17.386282133274666,4
99,19.007005166291478,17.32717687413983,4
100,16.79304809114652,17.310278312170034,4
101,17.435859275775336,17.155979141871818,4
102,18.147161659594055,17.183204838097836,4
103,13.966087150345228,16.99331752325458,4
104,17.552869906115298,17.033693778588862,4
105,14.31239580614734,16.973420711865515,4
106,17.268751557660075,17.00618444197494,4
107,17.984773448036723,17.057494316736317,4
108,17.04695504572147,17.026700954747135,4
109,16.552297043669807,16.929886739000676,4
110,16.85564518623358,16.819919019780695,4
111,18.012306934385055,16.850477172953127,4
112,18.753945076966435,16.80392000453127,4
113,16.70564324435086,16.744186083994613,4
114,16.351605471214498,16.740893852854068,4
115,14.987986598099571,16.63927169936065,4
116,18.45994831447035,16.58689144354137,4
117,14.546444117927987,16.562814155157437,4
118,15.77822344264927,16.47855332706372,4
119,17.586315351019095,16.531541304189208,4
120,16.58471296739227,16.465510825273874,4
121,17.13914072361056,16.534019664613858,5
122,16.206431721902753,16.53344515009502,5
123,17.152555884441394,16.470874328957866,5
124,15.810380978092347,16.42322533376207,5
125,17.77317922923187,16.414382652113865,5
126,15.373895234211545,16.424492056549745,5
127,15.711598394926813,16.329959609667355,5
128,16.369652563992307,16.240276972588898,5
129,15.958340561488905,16.1834646112566,5
130,15.221640416568079,16.067729555160444,5
131,16.713540624257448,16.088060247130958,5
132,15.61933681678257,16.04397458113038,5
133,15.555726464109787,16.06908901719622,5
134,15.571955538655276,16.02275377285882,5
135,16.367660986346838,15.96214572411376,5
136,17.251516122094912,15.98454549492944,5
137,16.10764881392217,15.884556231717218,5
138,15.617485189847578,15.903504226902317,5
139,16.28701659422366,15.853237719096132,5
140,17.158927319310028,15.794203874700361,5
141,15.176333527913295,15.739175757320414,5
142,16.063465964612686,15.717353550632662,5
143,15.001272404381915,15.729604315527384,5
144,12.879553788329778,15.649764222415298,5
145,15.597907357215007,15.598864567834735,5
146,17.13737833445312,15.574711121790271,5
147,15.299877199903138,15.540892304896433,5
148,14.388166112527292,15.519956343061729,5
149,15.768073888667294,15.487823055495621,5
150,17.25670609186263,15.493865065468986,5
151,14.139462827243866,15.495924757787936,5
152,16.77487157745576,15.446869959499912,6
153,15.644560650255842,15.364711593127932,6
154,14.039365646219215,15.301917505129842,6
155,16.12233570783346,15.251168793100646,6
156,14.719229033579031,15.18573487264147,6
157,16.079121341768424,15.179323653385493,6
158,13.974449770629747,15.048929912587571,6
159,14.43135092407199,15.05249314967661,6
160,14.497037035234177,15.05518182759632,6
161,15.69897611744232,15.06600541967161,6
162,14.991257961741459,15.00876321727765,6
163,14.591727837126529,15.125745655070682,6
164,15.753215837856226,15.142265244778354,6
165,16.429451755915302,15.191250210160206,6
166,15.779872173454214,15.241401356510325,6
167,13.642897822762775,15.388924886338092,6
168,13.733662549904857,15.406726814173302,6
169,14.764555233347808,15.424497974070288,6
170,15.19590970553474,15.53485338281237,6
171,14.983996950233953,15.546972799031865,6
172,12.151653740675044,15.576692765010938,6
173,15.108169517053064,15.580271514538593,6
174,12.96021412592105,15.713478703797295,6
175,15.922615119473761,15.760510680406735,6
176,15.42011226263429,15.676885691857397,6
177,18.809350333694063,15.656165325271159,6
178,14.883753803757504,15.666131546835077,6
179,17.23762285012282,15.68419690722647,6
180,18.761240482366222,15.696638535421744,6
181,18.565168722076898,15.651281678542812,6
182,17.308929412512043,15.596821410206891,6
183,16.17769544716545,15.618990725468771,7
184,17.350027908481657,15.678103460338,7
185,16.485918194418293,15.670343448835219,7
186,15.610828012951208,15.681728739621402,7
187,16.18648382759808,15.673774244357174,7
188,17.970665448390776,15.76810535423952,7
189,15.842310222355245,15.773845500791873,7
190,11.98828737875398,15.875972978421363,7
191,15.077365119855173,15.820013508141082,7
192,15.290244608658963,15.782941517270517,7
193,15.133688648868386,15.608351998786118,7
194,16.126464683714403,15.64415416149332,7
195,15.068746049547386,15.472302588549782,7
196,14.146064123376553,15.265356229474728,7
197,14.30797728061921,15.09019520917344,7
198,15.50704459598173,15.026383640006499,7
199,14.53175488826436,14.903849475432349,7
200,15.537468429120224,14.817733504965828,7
201,14.745362092307163,14.733050693561028,7
202,14.981587037145417,14.703973620105897,7
203,15.280373913623668,14.700268752399461,7
204,16.02403845480569,14.587252358939818,7
205,14.243831011065422,14.570372337229287,7
206,14.30795253651731,14.666114023043283,7
207,13.571664779162104,14.65328222416075,7
208,15.957818684973558,14.6109313681882,7
209,12.082075661816722,14.606880087783635,7
210,12.55284971011462,14.547575426385881,7
211,13.310338113038275,14.533575457078058,7
212,15.3945823375038,14.559196335658479,7
213,12.501670509940972,14.566931146378531,8
214,14.766548794486035,14.574570660426469,8
215,13.94543385227425,14.564314099509492,8
216,14.738515809297319,14.52974301210457,8
217,16.075337796404995,14.518799714511227,8
218,14.580173644601494,14.531920667955069,8
219,15.335909571039343,14.492332817829094,8
220,14.860537953173823,14.47545034725298,8
221,14.692411153379147,14.512778744945292,8
222,14.019718929482544,14.532915475471318,8
223,15.012150236731443,14.625623352132902,8
224,14.347324841781775,14.645565455689963,8
225,14.648746970312727,14.706974139320998,8
226,14.914690480789176,14.792524590536686,8
227,14.540021602220754,14.845373306801832,8
228,15.736230017419832,14.87281781573646,8
229,14.224058060755056,14.9803060418046,8
230,14.500335806972569,15.056732499843362,8
231,14.417063164506898,15.177387145049344,8
232,15.375215640460723,15.218161104595469,8
233,14.092738409844436,15.191111800366496,8
234,15.517564337522268,15.177789345789177,8
235,15.363682941834787,15.222549358738233,8
236,14.912054452298074,15.214542705237564,8
237,16.35290107900963,15.235911342486157,8
238,16.556081791685404,15.27299923444651,8
239,13.924336170747742,15.29929475966433,8
240,15.119363246585285,15.384591910107916,8
241,14.895799600992655,15.433016405627589,8
242,16.217917605542592,15.435235842744124,8
243,15.726317291985167,15.50811643681006,8
244,17.05934253564891,15.542127956734545,9
245,17.56507320845372,15.648622145799072,9
246,15.961734595681017,15.652312243295942,9
247,15.26385866953587,15.67264042861934,9
248,14.18050000728197,15.702304398896809,9
249,16.678709959510954,15.778559772847442,9
250,14.620338348153766,15.842412033677144,9
251,15.333470270836889,15.888694911741487,9
252,15.13235568829318,15.978742212668127,9
253,15.801015993265997,16.014406657776334,9
254,16.906239355089358,16.08015425357779,9
255,16.101481835902906,16.213435745070633,9
256,14.981273594285241,16.263112599309505,9
257,16.726439424198798,16.38890194165551,9
258,16.75657561515441,16.399516022837854,9
259,17.418883732690865,16.460874278757526,9
260,14.611038731878672,16.47429395166958,9
261,15.026908724208848,16.443445477364442,9
262,16.265134748784753,16.47729937443917,9
263,16.380399628363456,16.57508735101191,9
264,17.43313216241331,16.702265094476964,9
265,16.752169283765085,16.763076207692325,9
266,17.613473480097277,16.927411056562246,9
267,17.42283443225581,17.054151221463492,9
268,18.528509665729064,17.17734962877561,9
269,17.92278091553304,17.24884120211102,9
270,16.609668873751417,17.254514261005998,9
271,18.669479871372857,17.380606378054537,9
272,16.536340041012842,17.509258848126127,9
273,17.567064969575387,17.511640880548516,9
274,17.461932723010484,17.54989746365991,10
275,16.63961897929962,17.6181308097516,10
276,16.97735150792282,17.679695850472612,10
277,18.197497966718107,17.832725203289247,10
278,17.99583231123352,17.911591903596427,10
279,18.503043355971798,17.96401221848852,10
280,19.55038381425145,17.998819472082236,10
281,19.135675217874255,18.061551921877896,10
282,18.828307907656576,18.085458564405425,10
283,17.9457631933284,18.11116450754307,10
284,17.076431121938658,18.054256642869287,10
285,19.884245347359066,18.047763772904418,10
286,18.840847696432984,18.118082626865725,10
287,16.797900396870492,18.1064075022976,10
288,17.904273108496145,18.168586628507686,10
289,19.46588411544165,18.20552291948156,10
290,16.45798995350896,18.212580016909474,10
291,19.61778930870785,18.28254316802948,10
292,18.63113575800024,18.31445201944696,10
293,17.953009075126246,18.23328785377999,10
294,18.477349770224752,18.199389940506446,10
295,18.634142777634956,18.05243009600977,10
296,18.330672755923086,17.92904802752899,10
297,18.19401272638516,17.88202086140187,10
298,16.821273725515656,17.75354213475483,10
299,17.72799481658692,17.756928990672453,10
300,18.71923449259071,17.790665657487317,10
301,18.319226134329117,17.72648556641896,10
302,18.401713827315465,17.707410909025732,10
303,18.675153698791625,17.78879151974535,10
304,17.673645645847813,17.879559653810556,10
305,18.738513512899914,17.830858876664312,11
306,17.934617050447198,17.88799864130185,11
307,15.762572996708958,17.86219062526592,11
308,16.97889491302724,17.822264685249753,11
309,14.094248021071518,17.81980381620802,11
310,15.848921759828004,17.866989455376867,11
311,17.724860234060657,17.919635394624052,11
312,14.973946108245531,17.947732640391386,11
313,18.04736887085699,18.02026748104305,11
314,18.08853112638463,18.156912476434936,11
315,17.95884261530825,18.259658652491535,11
316,18.26860797463622,18.259544649841736,11
317,19.23931871845897,18.35241898182162,11
318,20.62731713045245,18.399769038630595,11
319,18.004860801054317,18.392868297042675,11
320,18.172182892635046,18.407023452080143,11
321,18.84354882763011,18.387514674274517,11
322,17.43335755751507,18.377566614708364,11
323,17.879183003874214,18.46261405972066,11
324,19.89291894529018,18.478691797898346,11
325,20.21352095505055,18.594641987929762,11
326,19.173590128943037,18.65032732868917,11
327,20.370057945935024,18.643789503986913,11
328,20.92062358727234,18.746923438160398,11
329,20.81038009828491,18.620962077491075,11
330,18.71581441309664,18.58252409643477,11
331,21.105456093725632,18.573095394606582,11
332,19.822215531584725,18.5548156134231,11
333,18.468131451154015,18.499079845719635,11
334,18.09830029697188,18.40422863895263,11
335,18.153250178731085,18.39263973235368,12
336,17.636175263462615,18.444340008213334,12
337,18.313996347077882,18.50505855531568,12
338,17.46122705835768,18.468380549592244,12
339,17.572753722013996,18.479082021551257,12
340,17.519481982610273,18.376797845291165,12
341,17.52872549299297,18.284985401467427,12
342,18.067964133450026,18.29002327877418,12
343,14.268528050777432,18.20253687857503,12
344,16.935391694695493,18.037914204774793,12
345,17.675981560462642,17.913166956139158,12
346,17.720214539131668,17.907378154442643,12
347,17.56724568735515,17.79376524714788,12
348,17.78178092744227,17.72244886091411,12
349,17.657193603085737,17.624928888191373,12
350,19.723191168424798,17.717796637838426,12
351,20.66510524070055,17.69607981158962,12
352,16.33301738581181,17.76099532033343,12
353,18.200227162644662,17.803316792956725,12
354,16.824393657487512,17.874063908537366,12
355,17.459147640338394,17.941093468662796,12
356,19.324726448145626,18.009898753435017,12
357,17.745465939960646,18.07839592119448,12
358,15.981943373265189,18.128918467605377,12
359,17.067962639215843,18.30608888343869,12
360,18.542150362201145,18.394363844474736,12
361,17.69706887488286,18.457952476651876,12
362,17.682723944571592,18.520066676206717,12
363,15.542532269471884,18.58727983748744,12
364,20.884332786383514,18.647341824098596,12
365,17.501745391266933,18.711556721521635,12
366,19.583640525776875,18.706905033433372,12
