D%,2013,2014,2015,2016,2017
1,,0.111111111,0.148148148,,0.148148148
2,,0.274074074,0.355555556,,0.192592593
3,0.311111111,0.385185185,0.451851852,0.437037037,0.288888889
4,0.303703704,0.274074074,0.42962963,0.362962963,0.22962963
5,0.096296296,0.111111111,0.177777778,0.222222222,0.155555556
6,0.02962963,0.022222222,0.066666667,0.037037037,
7,0.074074074,0.014814815,0.02962963,0.014814815,
8,0.044444444,0.014814815,0.022222222,0.022222222,
9,0.014814815,0.02962963,0.02962963,0.014814815,
10,0.022222222,0.044444444,0.022222222,0.022222222,
11,0.037037037,0.051851852,0.059259259,0.051851852,
12,0.066666667,0.066666667,0.059259259,0.088888889,
